{"cameraMode":{"drawMode":0,"name":"Shaded","section":"Shading Mode"},"sceneLighting":true,"audioPlay":false,"sceneViewState":{"m_AlwaysRefresh":false,"showFog":true,"showSkybox":true,"showFlares":true,"showImageEffects":true,"showParticleSystems":true,"showVisualEffectGraphs":true,"m_FxEnabled":true},"in2DMode":false,"pivot":{"x":-1.0398979187011719,"y":-0.08594989776611328,"z":-0.19337034225463868},"rotation":{"x":-0.037543874233961108,"y":0.9624497294425964,"z":-0.19190359115600587,"w":-0.18829293549060822},"size":4.169308662414551,"orthographic":false}